{
  "$schema": "https://docs.renovatebot.com/renovate-schema.json",
  "extends": ["config:best-practices", ":semanticCommits"],
  "postUpdateOptions": ["gomodTidy"],
  "packageRules": [
    {
      "matchManagers": ["gomod"],
      "matchDepNames": ["go"],
      "matchDepTypes": ["golang"],
      "rangeStrategy": "bump",
      "semanticCommitType": "chore"
    },
    {
      "description": "Automerge non-major updates",
      "matchUpdateTypes": ["minor", "patch", "digest"],
      "automerge": true
    }
  ]
}
